customer_id,name,email,city,created_at
C0001,William Phillips,bparker@example.org,Annborough,2025-06-20 13:33:06
C0002,Gregory Fuller,abigail46@example.net,New Christophermouth,2025-12-24 09:20:06
C0003,Dana Ramirez,brandon07@example.net,East Meagan,2026-03-02 17:28:06
C0004,Jeffrey Green,laurieharper@example.org,Robinhaven,2025-05-31 16:37:06
C0005,Anita Lowery,nicholas76@example.net,East Jeremyberg,2025-08-07 13:57:06
C0006,Alexandra Pierce,peter07@example.net,Bowersberg,2025-10-09 15:33:06
C0007,Cynthia Brown,harveywendy@example.net,Bryantfurt,2026-03-27 10:20:06
C0008,Sabrina Bishop,fergusonjodi@example.org,Smithchester,2025-08-27 21:33:06
C0009,Derrick Rodriguez,sjones@example.net,Greenestad,2025-07-30 09:49:06
C0010,Kristi Williams,justinjohnson@example.org,Port Carrie,2025-06-14 18:00:06
C0011,Diana Jordan,devin25@example.org,East John,2025-10-11 09:06:06
C0012,Riley Guerra,gutierrezmichael@example.com,Johnton,2025-07-16 07:43:06
C0013,Denise Rangel,wwallace@example.com,Lake Matthewtown,2026-05-10 10:50:06
C0014,Donna Carter,bairdjoseph@example.org,Port Emilystad,2025-10-09 06:17:06
C0015,Juan Rogers,ochoajeffery@example.org,Kathleentown,2026-02-23 09:46:06
C0016,Wayne King,halljennifer@example.com,Noblemouth,2025-11-22 13:29:06
C0017,Stephanie Ross,wdouglas@example.org,Lake Katrinaton,2025-10-31 13:12:06
C0018,Veronica Ford,arobinson@example.com,Christianmouth,2025-11-17 21:18:06
C0019,Sarah Love,karenjohnson@example.net,Sloanshire,2026-04-20 17:05:06
C0020,Joe Weaver,peter82@example.net,South Patrick,2025-08-12 12:35:06
C0021,Katie Stewart,cantustephanie@example.net,Ramosmouth,2025-11-01 13:59:06
C0022,Mrs. Mckenzie Mccoy,williamstimothy@example.org,Sanchezside,2025-12-13 19:55:06
C0023,Tracy Moore,brittanylee@example.com,Crystalfurt,2025-11-08 22:22:06
C0024,Julie Blackwell,ibarramichael@example.com,Hernandezbury,2025-05-18 14:32:06
C0025,Darlene Gordon,devon97@example.com,South Gail,2025-06-09 08:45:06
C0026,Rachel Edwards,mary38@example.com,Port Kylechester,2025-12-16 13:40:06
C0027,Alexander Mckinney,susan38@example.org,Port Stephanie,2026-01-14 13:10:06
C0028,Dale Edwards,fsmith@example.org,Jameschester,2025-12-22 01:54:06
C0029,Dr. Thomas Sanchez DDS,simmonsjacob@example.net,South Anne,2025-11-08 11:11:06
C0030,Brian Larson,vross@example.org,Lewismouth,2025-11-13 09:52:06
C0031,Elizabeth Simmons,bullockphilip@example.org,East John,2025-12-27 17:35:06
C0032,Tonya Nguyen,zpatterson@example.com,West Claire,2025-05-28 20:30:06
C0033,Reginald Rodgers,gweiss@example.com,Christopherburgh,2025-07-05 20:24:06
C0034,Kristen Lambert,ghernandez@example.org,South William,2025-08-12 17:19:06
C0035,Justin Stokes,scochran@example.net,Terryfurt,2026-02-19 02:10:06
C0036,Amy Murphy,ralphmunoz@example.net,Port Michaelmouth,2025-12-25 19:50:06
C0037,Julie Jackson,elliottjoshua@example.com,North Jamesmouth,2025-08-01 08:51:06
C0038,Steven Mendez,davidrusso@example.com,Villanuevaview,2025-11-28 15:20:06
C0039,Crystal Cook,micheleburke@example.org,Aguilarfort,2026-04-27 06:09:06
C0040,George Johnson,john39@example.org,Jonesville,2025-12-27 14:21:06
C0041,Stephen Rosales,hthomas@example.com,Swansonhaven,2025-07-26 18:14:06
C0042,Robert Cherry,christina25@example.org,Jonathanfurt,2026-01-24 20:03:06
C0043,Brandon Wheeler,carlosandrews@example.com,West Jonathan,2025-10-22 20:05:06
C0044,Keith Le,james41@example.com,Port John,2026-03-01 08:26:06
C0045,Julie Salazar DDS,spetersen@example.org,Whitechester,2026-01-06 16:59:06
C0046,Scott Wilkins,brandon09@example.net,Port Aaronview,2025-08-11 07:47:06
C0047,Mark Wright,youngjulie@example.net,North Brandibury,2025-07-18 02:37:06
C0048,David Adams,charles90@example.com,Lake Darrellmouth,2025-07-19 04:11:06
C0049,Jack Lam,ryanbailey@example.com,Nguyenport,2026-01-21 12:02:06
C0050,Samuel Glenn,barbara45@example.net,Heatherbury,2025-09-03 13:46:06
C0051,Julie Humphrey,hensleyjoshua@example.org,Carolton,2026-04-19 13:25:06
C0052,Kelly Long,karenrodriguez@example.com,Allenbury,2025-06-26 10:44:06
C0053,Nicole Wilkinson,nicholasmartinez@example.com,East Eric,2025-05-30 02:56:06
C0054,Jacob Becker,amanda19@example.net,Port Nicolestad,2026-04-11 04:10:06
C0055,Patricia Davis,christina84@example.org,East Annport,2025-07-12 02:01:06
C0056,Joel Gonzales,jacob16@example.com,North Ann,2026-01-04 22:39:06
C0057,Jeremy Zimmerman,darlenehall@example.com,Patricialand,2026-05-07 18:48:06
C0058,Donald Solomon,maryrodriguez@example.org,South Kristen,2026-03-15 18:38:06
C0059,John Rodriguez,grayryan@example.com,Snyderhaven,2025-08-12 07:45:06
C0060,Sandra Green,teresastanton@example.org,Bennettland,2025-06-19 06:27:06
C0061,David Hughes,thomasramirez@example.com,Schaefermouth,2025-12-14 03:24:06
C0062,Joseph Riddle,melindacross@example.org,Adamport,2025-09-23 15:48:06
C0063,Tina Johnson,woodisaac@example.org,New Jon,2025-12-29 23:46:06
C0064,Kelly Miller,qbell@example.net,New Christianland,2026-02-10 23:36:06
C0065,Deanna Bell,johngonzalez@example.net,South Gina,2026-03-19 20:15:06
C0066,Meredith Gardner,kylejones@example.org,Port Angela,2025-06-19 23:56:06
C0067,Joseph Garcia,sharialvarez@example.net,North Kylechester,2026-02-01 12:11:06
C0068,Michael Warner,robertmccullough@example.net,Lake Daniellestad,2026-02-19 22:45:06
C0069,Carolyn Lopez,jacob02@example.com,Lake Matthewburgh,2025-08-15 15:56:06
C0070,Tracy Wiley,pameladougherty@example.org,Brownland,2025-11-29 01:33:06
C0071,Margaret Taylor,jennifermeyer@example.org,North Patriciamouth,2026-03-17 04:38:06
C0072,John Hunter,mmathis@example.com,Jameston,2025-12-07 09:31:06
C0073,Christopher Bennett,hreed@example.org,Careyfurt,2026-01-09 22:29:06
C0074,Zachary Golden,amysantos@example.net,North Veronica,2026-03-30 17:03:06
C0075,Timothy Wright,crystalthomas@example.org,Darinburgh,2026-04-07 22:45:06
C0076,Adam Olson,nixontimothy@example.org,Lake Jessebury,2026-03-10 11:52:06
C0077,Charles Owen,dgomez@example.com,Port Beverlyberg,2025-09-11 23:24:06
C0078,Corey Reyes,reedjason@example.org,New Cassidyburgh,2025-12-28 23:39:06
C0079,William Cervantes,pmills@example.com,New Leeview,2025-07-07 03:21:06
C0080,Mark Thompson,gonzalezjon@example.com,Robertstad,2025-08-09 16:50:06
C0081,Mrs. Brittany Bailey,ellismichelle@example.org,South Tommybury,2026-01-30 18:15:06
C0082,Stephanie Thomas,mark43@example.org,Barbarafort,2025-10-20 18:53:06
C0083,Lisa Huber,shellyvazquez@example.net,Georgechester,2025-11-03 01:37:06
C0084,Sophia Nguyen,dawnknox@example.com,North Danielton,2025-08-22 02:27:06
C0085,Michael Thompson,steveortiz@example.net,New Ashley,2026-01-07 09:30:06
C0086,Sarah Sanchez,stephen07@example.org,New Lauramouth,2025-11-21 15:57:06
C0087,Cassandra Hicks,housedeanna@example.org,Danielhaven,2025-08-03 08:57:06
C0088,Anna Durham,bvazquez@example.com,East Tamarabury,2026-01-21 16:30:06
C0089,Rachel Lloyd,aserrano@example.com,Michelletown,2025-05-15 20:31:06
C0090,Megan Hayes,michael01@example.net,South Teresa,2026-01-16 13:37:06
C0091,Ashley Newman,smithkatie@example.org,South Willietown,2026-04-27 06:30:06
C0092,Bruce Jones,lfitzgerald@example.com,Janetville,2025-08-23 09:17:06
C0093,Chad Cain,scottrobertson@example.net,Reevesmouth,2025-06-05 01:21:06
C0094,Samantha Gray,novakalan@example.com,South Jasonton,2025-08-10 11:48:06
C0095,Sarah Thompson,johnsonkathryn@example.com,Smithmouth,2025-07-24 22:04:06
C0096,John Trevino DDS,brycecox@example.net,Derekberg,2026-01-09 00:43:06
C0097,Amanda Booth,sharon18@example.org,North Rose,2025-10-17 10:28:06
C0098,Scott Dougherty,jessicacurry@example.org,Markborough,2026-03-24 19:07:06
C0099,Mark Moss,reesejulia@example.net,Butlerland,2025-11-13 03:08:06
C0100,Molly Stevenson,dana41@example.com,New Kenneth,2025-09-15 17:31:06
C0101,Matthew Baker,omorales@example.com,Kimberlyville,2025-06-02 19:53:06
C0102,Samuel Alvarez,kristina44@example.org,West Jodi,2026-03-24 15:09:06
C0103,Daniel Herrera,jessica96@example.com,Ashleyville,2025-11-21 13:19:06
C0104,Michael Dodson,natasha79@example.org,Goodwinmouth,2026-02-04 10:00:06
C0105,Matthew Ramos,joneslori@example.org,Angelashire,2025-09-26 12:07:06
C0106,Corey Miller,ttyler@example.org,West Cynthiaton,2026-02-09 08:05:06
C0107,Linda Joseph,martinezheather@example.net,Matthewstad,2026-01-06 14:06:06
C0108,Jeffrey Mays,michael92@example.com,Seanhaven,2025-08-05 13:31:06
C0109,Carl Curry,cpeterson@example.com,West Michelletown,2025-06-13 22:41:06
C0110,Joel Jones,deanrhonda@example.net,Henrybury,2026-05-06 13:35:06
C0111,Katherine Schmidt,ronald82@example.com,East Nicolehaven,2026-01-12 11:08:06
C0112,Cameron Blanchard,huertabrandon@example.com,Katrinaberg,2025-09-07 01:21:06
C0113,Miguel Wilson,dterry@example.net,Lake Melissa,2025-10-20 15:24:06
C0114,Teresa Duncan,mccartyzachary@example.org,Tranville,2025-10-31 16:10:06
C0115,Heather Thomas,bakerashley@example.org,Danielsberg,2025-12-29 02:16:06
C0116,Tina Moore,kford@example.org,Port Richardland,2025-10-08 17:48:06
C0117,Brian Mcguire,svillanueva@example.net,Francischester,2025-08-01 18:49:06
C0118,Kimberly Jordan,dana47@example.net,West Brandon,2025-09-06 12:22:06
C0119,Eric Vargas,dean84@example.net,Darrylberg,2025-12-13 10:31:06
C0120,Erica Hall,hahnnatasha@example.com,Matthewville,2025-07-20 17:00:06
C0121,Richard Miller,igilmore@example.net,Douglasmouth,2026-04-11 17:14:06
C0122,William Blankenship,hobbsrodney@example.org,New Anitaton,2026-04-14 14:57:06
C0123,Ashley Parker,carrmartha@example.org,Ericaville,2025-09-10 23:36:06
C0124,Clifford Gonzales,iwilson@example.org,Jameschester,2025-08-15 11:31:06
C0125,Brandy Woods,william20@example.com,Christopherhaven,2025-08-26 13:40:06
C0126,Brittany Gill,esmith@example.org,Williamfort,2026-02-07 13:56:06
C0127,Courtney Butler,phillipbenjamin@example.org,South Diana,2026-04-08 18:39:06
C0128,Desiree Cook,ahall@example.com,Lake Royfort,2026-01-13 04:27:06
C0129,Nicole Beck,timothy23@example.net,East Jackson,2025-07-26 08:57:06
C0130,April Martinez,sydney75@example.com,Kennethville,2025-07-13 14:55:06
C0131,Jason Palmer,hmahoney@example.com,Haysside,2026-04-02 02:52:06
C0132,Gregory Fuentes,nbyrd@example.org,New Angela,2025-07-18 22:01:06
C0133,Benjamin Booth,rogersphilip@example.net,Elizabethfurt,2025-12-03 08:21:06
C0134,Susan Maddox,christopher42@example.com,Edwardbury,2025-06-04 18:14:06
C0135,Dr. Julie Lewis,dannyturner@example.net,Mitchellshire,2026-01-11 08:09:06
C0136,Steven Yates,burnettdiane@example.org,Lake Lisa,2026-03-06 18:53:06
C0137,Chad Martinez,shepherddennis@example.net,North Nicholasmouth,2025-12-11 02:14:06
C0138,Jeffrey Rangel,bowmanandrea@example.com,East Katrinaburgh,2026-04-06 16:05:06
C0139,Jose Hudson,wmorgan@example.net,Castroburgh,2025-06-28 22:28:06
C0140,Sandra Griffin,mhouston@example.org,East Alyssafurt,2026-04-05 23:21:06
C0141,Joseph Sharp,hutchinsongary@example.org,Wellsfort,2025-08-27 08:26:06
C0142,Tricia Farmer,haysbrian@example.org,Port Robert,2025-11-16 13:38:06
C0143,Tanya Robinson,peter00@example.net,Janetstad,2026-01-08 05:16:06
C0144,Julie Robbins,cody92@example.net,Jonesbury,2026-02-22 01:41:06
C0145,Donald Walker,ohoward@example.com,West Angelica,2025-08-07 18:15:06
C0146,Anthony Johnson,taylortimothy@example.com,Anahaven,2025-07-03 20:01:06
C0147,Brittany Wood,clarkandrew@example.org,Lake Erica,2026-05-08 18:42:06
C0148,Matthew Edwards,shawn58@example.org,Suarezhaven,2025-08-03 06:35:06
C0149,Charles Jackson,michaelanderson@example.org,Lake Jeff,2025-06-08 12:38:06
C0150,Christopher Morris,melissaburton@example.com,East Melissastad,2026-03-06 08:27:06
C0151,Jeffrey Martin,christophersmith@example.net,North Traceyside,2026-03-19 16:59:06
C0152,Joe Palmer,kyle30@example.net,North Daryl,2026-02-23 08:16:06
C0153,Crystal Castro,urush@example.com,New Sandra,2025-07-08 09:49:06
C0154,Leah Perry,jamesfoster@example.net,East Ambershire,2025-11-19 09:51:06
C0155,Troy Palmer,lauren60@example.com,Lake Robert,2025-06-23 08:02:06
C0156,Justin Chan,gilllinda@example.net,North Christinashire,2025-09-05 07:37:06
C0157,Richard Young,bennetteric@example.net,Lake Kelly,2026-04-17 13:54:06
C0158,Richard King,stephanieeverett@example.com,South Jeffrey,2025-10-09 08:32:06
C0159,Todd Cline,bbird@example.org,Lake Michael,2026-05-12 05:45:06
C0160,Scott Downs,sabrinabeard@example.org,North Amyhaven,2026-03-07 20:18:06
C0161,Dr. Elizabeth Riley DDS,whitejoseph@example.com,Davishaven,2026-02-19 17:06:06
C0162,Jeffrey Lopez,xrocha@example.net,Kevinmouth,2025-08-03 18:07:06
C0163,Justin Higgins,tiffanyroy@example.net,Cameronfort,2025-07-30 16:27:06
C0164,Spencer Riddle,gmorales@example.net,West Williambury,2026-04-04 17:37:06
C0165,William Richardson,shanebeard@example.net,Coopermouth,2026-02-25 23:32:06
C0166,Richard Bailey,tgrant@example.com,West Joan,2025-11-04 21:59:06
C0167,Glenda Johnson,brownashley@example.com,East Brandon,2026-02-27 03:26:06
C0168,Lisa Colon,tprice@example.org,West Anitaside,2026-04-22 07:11:06
C0169,Michael Peterson,glove@example.org,West Barry,2026-04-23 05:21:06
C0170,Donna Thompson,megansantos@example.org,West Monica,2025-05-29 08:52:06
C0171,Michael Zhang,jmcdonald@example.net,Sonyabury,2026-03-22 04:45:06
C0172,Christian Smith,fhudson@example.com,Gregoryview,2025-07-31 02:55:06
C0173,Angela Walters,wayne61@example.com,Marcusside,2026-02-23 08:39:06
C0174,Ryan Gray,brianrichard@example.org,East Monica,2026-02-19 10:38:06
C0175,Michelle Myers,victorsmith@example.com,South Katherine,2025-10-14 16:23:06
C0176,Yvonne Valencia,hughesamber@example.com,Michellemouth,2025-11-24 02:43:06
C0177,Patricia Green,stephanieclark@example.com,Zimmermanport,2025-06-04 16:43:06
C0178,Jennifer Gomez,oroy@example.com,Hutchinsonstad,2026-01-06 08:24:06
C0179,Morgan Buck,kristie94@example.com,East Monicabury,2025-05-19 13:10:06
C0180,Jonathan Olson,davidmiller@example.com,Amyfort,2026-04-24 01:20:06
C0181,Deanna Cuevas,jwaller@example.net,New Stephanieshire,2026-01-31 02:12:06
C0182,Hayden Lucas,mduncan@example.com,New Chelseastad,2025-12-08 09:20:06
C0183,Heather Ibarra,hbrown@example.com,Parkfurt,2026-04-30 19:22:06
C0184,Andrew Ryan,jacobfletcher@example.com,North Kennethport,2025-10-21 06:17:06
C0185,Edward Huerta,robertpadilla@example.org,Lindsayfort,2026-04-08 08:12:06
C0186,Justin Shepherd,lisa81@example.net,Guerreroport,2025-06-19 00:09:06
C0187,Charles Cole,nhill@example.com,Lake Kathleenberg,2025-05-30 23:13:06
C0188,David Gonzalez,howardgreen@example.com,Parkschester,2026-04-29 12:38:06
C0189,Carlos Campbell,andrew72@example.org,Annetteton,2025-12-31 10:57:06
C0190,Tony Blevins,mccoydavid@example.net,North Chase,2025-12-29 15:28:06
C0191,Yolanda Curtis,michael91@example.com,Patriciafort,2025-07-12 03:12:06
C0192,Brian Hogan,dianecarey@example.com,Crawfordview,2025-12-04 02:56:06
C0193,Nathan Williams,pmorales@example.com,Jeremyland,2025-08-25 13:10:06
C0194,Matthew Miller,wpatton@example.com,Lake Kimberlychester,2025-07-22 10:18:06
C0195,Bryan Robinson,jordanyates@example.org,Malonemouth,2026-04-20 18:07:06
C0196,William Anderson,rebekah98@example.com,Harperhaven,2026-05-12 23:35:06
C0197,Jamie Lopez,dtaylor@example.org,Reyesburgh,2025-08-10 18:48:06
C0198,Brittany Bennett,howardsimmons@example.org,Mortonport,2025-06-04 10:11:06
C0199,Tanner Holmes,stacyserrano@example.org,Wrightview,2025-10-05 13:52:06
C0200,Donna Jones,wallswilliam@example.com,Meganborough,2025-11-24 21:14:06
C9999,,broken@example.com,Seattle,2025-06-08 12:48:06
